velocity (km/s),I_data (K),I_fit (K),HINSA_I (K),CNM1_I (K)           ,CNM2_I (K),CNM3_I (K),WNM_I (K),V_data (K),V_fit (K),HINSA_V (K)
-19.951060,-0.376971,0.100728,0.000000,0.000000,0.000000,0.000000,0.100728,-0.003086,-0.000048,0.000000
-19.850420,-0.422127,0.106382,0.000000,0.000000,0.000000,0.000000,0.106382,-0.001279,-0.000050,0.000000
-19.749780,-0.450273,0.112325,0.000000,0.000000,0.000000,0.000000,0.112325,-0.002595,-0.000053,0.000000
-19.649140,-0.495279,0.118572,0.000000,0.000000,0.000000,0.000000,0.118572,-0.009878,-0.000056,-0.000000
-19.548500,-0.531805,0.125135,0.000000,0.000000,0.000000,0.000000,0.125135,-0.008371,-0.000059,0.000000
-19.447860,-0.569942,0.132030,0.000000,0.000000,0.000000,0.000000,0.132030,0.004054,-0.000062,0.000000
-19.347220,-0.544648,0.139270,0.000000,0.000000,0.000000,0.000000,0.139270,0.004714,-0.000065,0.000000
-19.246570,-0.564265,0.146873,0.000000,0.000000,0.000000,0.000000,0.146873,-0.003707,-0.000068,-0.000000
-19.145930,-0.563741,0.154851,0.000000,0.000000,0.000000,0.000000,0.154851,-0.004753,-0.000071,0.000000
-19.045290,-0.566577,0.163224,0.000000,0.000000,0.000000,0.000000,0.163224,-0.002708,-0.000075,-0.000000
-18.944650,-0.568423,0.172007,0.000000,0.000000,0.000000,0.000000,0.172007,0.000475,-0.000078,0.000000
-18.844010,-0.578099,0.181219,0.000000,0.000000,0.000000,0.000000,0.181219,0.001065,-0.000082,0.000000
-18.743370,-0.545456,0.190877,0.000000,0.000000,0.000000,0.000000,0.190877,-0.002412,-0.000086,-0.000000
-18.642730,-0.542512,0.201001,0.000000,0.000000,0.000000,0.000000,0.201001,-0.006154,-0.000090,-0.000000
-18.542090,-0.531978,0.211610,0.000000,0.000000,0.000000,0.000000,0.211610,-0.002733,-0.000095,-0.000000
-18.441450,-0.529684,0.222726,0.000000,0.000000,0.000000,0.000000,0.222726,0.005300,-0.000099,-0.000000
-18.340810,-0.494110,0.234367,0.000000,0.000000,0.000000,0.000000,0.234367,0.004125,-0.000104,-0.000000
-18.240160,-0.468117,0.246558,0.000000,0.000000,0.000000,0.000000,0.246558,0.000763,-0.000109,-0.000000
-18.139520,-0.449043,0.259319,0.000000,0.000000,0.000000,0.000000,0.259319,-0.003147,-0.000114,-0.000000
-18.038880,-0.427839,0.272674,0.000000,0.000000,0.000000,0.000000,0.272674,-0.004330,-0.000119,-0.000000
-17.938240,-0.369436,0.286647,0.000000,0.000000,0.000000,0.000000,0.286647,0.000149,-0.000124,0.000000
-17.837600,-0.340672,0.301262,0.000000,0.000000,0.000000,0.000000,0.301262,-0.001792,-0.000130,0.000000
-17.736960,-0.304578,0.316545,0.000000,0.000000,0.000000,0.000000,0.316545,-0.001915,-0.000136,-0.000000
-17.636320,-0.237864,0.332522,0.000000,0.000000,0.000000,0.000000,0.332522,0.003716,-0.000142,-0.000000
-17.535680,-0.233230,0.349220,0.000000,0.000000,0.000000,0.000000,0.349220,0.006717,-0.000149,0.000000
-17.435040,-0.164387,0.366668,0.000000,0.000000,0.000000,0.000000,0.366668,0.006927,-0.000155,-0.000000
-17.334400,-0.135813,0.384893,0.000000,0.000000,0.000000,0.000000,0.384893,0.006699,-0.000162,0.000000
-17.233760,-0.103779,0.403926,0.000000,0.000000,0.000000,0.000000,0.403926,0.006032,-0.000169,-0.000000
-17.133110,-0.046546,0.423798,0.000000,0.000000,0.000000,0.000000,0.423798,0.001499,-0.000177,0.000000
-17.032470,0.026618,0.444538,0.000000,0.000000,0.000000,0.000000,0.444538,-0.005256,-0.000184,0.000000
-16.931830,0.065382,0.466178,0.000000,0.000000,0.000000,0.000000,0.466178,-0.006463,-0.000192,-0.000000
-16.831190,0.147776,0.488753,0.000000,0.000000,0.000000,0.000000,0.488753,-0.003157,-0.000201,0.000000
-16.730550,0.164250,0.512296,0.000000,0.000000,0.000000,0.000000,0.512296,-0.000146,-0.000209,-0.000000
-16.629910,0.247763,0.536842,0.000000,0.000000,0.000000,0.000000,0.536842,0.001857,-0.000218,0.000000
-16.529270,0.304887,0.562427,0.000000,0.000000,0.000000,0.000000,0.562427,0.002614,-0.000227,-0.000000
-16.428630,0.368751,0.589088,0.000000,0.000000,0.000000,0.000000,0.589088,0.008831,-0.000237,-0.000000
-16.327990,0.424465,0.616862,0.000000,0.000000,0.000000,0.000000,0.616862,0.009284,-0.000247,0.000000
-16.227350,0.487049,0.645788,0.000000,0.000000,0.000000,0.000000,0.645788,-0.004248,-0.000257,0.000000
-16.126700,0.540912,0.675908,0.000000,0.000000,0.000000,0.000000,0.675908,-0.014058,-0.000268,0.000000
-16.026060,0.622226,0.707257,0.000000,0.000000,0.000000,0.000000,0.707257,-0.012009,-0.000278,0.000000
-15.925420,0.674650,0.739880,0.000000,0.000000,0.000000,0.000000,0.739880,-0.001600,-0.000290,0.000000
-15.824780,0.738683,0.773819,0.000000,0.000000,0.000000,0.000000,0.773819,-0.002596,-0.000301,0.000000
-15.724140,0.826677,0.809117,0.000000,0.000000,0.000000,0.000000,0.809117,-0.013664,-0.000313,-0.000000
-15.623500,0.892471,0.845819,0.000000,0.000000,0.000000,0.000000,0.845819,-0.003697,-0.000326,0.000000
-15.522860,0.948585,0.883970,0.000000,0.000000,0.000000,0.000000,0.883970,0.007787,-0.000339,0.000000
-15.422220,1.038359,0.923617,0.000000,0.000000,0.000000,0.000000,0.923617,0.004796,-0.000352,-0.000000
-15.321580,1.117592,0.964806,0.000000,0.000000,0.000000,0.000000,0.964806,0.012133,-0.000366,-0.000000
-15.220940,1.192476,1.007587,0.000000,0.000000,0.000001,0.000000,1.007586,0.014969,-0.000380,-0.000000
-15.120290,1.268579,1.052012,0.000000,0.000000,0.000001,0.000000,1.052011,0.006684,-0.000394,0.000000
-15.019650,1.366243,1.098123,0.000000,0.000000,0.000001,0.000000,1.098122,0.003550,-0.000409,0.000000
-14.919010,1.424707,1.145976,0.000000,0.000000,0.000001,0.000000,1.145975,0.005447,-0.000424,-0.000000
-14.818370,1.507501,1.195623,0.000000,0.000000,0.000002,0.000000,1.195621,0.006410,-0.000440,0.000000
-14.717730,1.571475,1.247116,0.000000,0.000000,0.000002,0.000000,1.247113,-0.007040,-0.000457,-0.000000
-14.617090,1.662848,1.300509,0.000000,0.000000,0.000003,0.000000,1.300506,-0.012563,-0.000473,-0.000000
-14.516450,1.735312,1.355858,0.000000,0.000000,0.000004,0.000000,1.355854,0.003484,-0.000491,0.000000
-14.415810,1.814586,1.413218,0.000000,0.000000,0.000005,0.000000,1.413213,0.004844,-0.000508,0.000000
-14.315170,1.910720,1.472645,0.000000,0.000000,0.000006,0.000000,1.472639,-0.012430,-0.000527,0.000000
-14.214530,2.014344,1.534197,0.000000,0.000000,0.000007,0.000000,1.534189,-0.016449,-0.000545,0.000000
-14.113880,2.092797,1.597938,0.000000,0.000000,0.000009,0.000000,1.597929,0.002573,-0.000565,-0.000000
-14.013240,2.190921,1.663916,0.000000,0.000000,0.000012,0.000000,1.663904,0.018453,-0.000585,0.000000
-13.912600,2.270645,1.732195,0.000000,0.000000,0.000015,0.000000,1.732180,0.013505,-0.000605,-0.000000
-13.811960,2.363528,1.802837,0.000000,0.000000,0.000019,0.000000,1.802818,0.005328,-0.000626,0.000000
-13.711320,2.471272,1.875903,0.000000,0.000000,0.000024,0.000000,1.875879,0.004112,-0.000647,0.000000
-13.610680,2.564996,1.951454,0.000000,0.000000,0.000030,0.000000,1.951425,0.001742,-0.000669,-0.000000
-13.510040,2.652690,2.029554,0.000000,0.000000,0.000037,0.000000,2.029517,-0.000394,-0.000692,0.000000
-13.409400,2.761684,2.110267,0.000000,0.000000,0.000047,0.000000,2.110220,0.002637,-0.000715,-0.000000
-13.308760,2.864727,2.193655,0.000000,0.000000,0.000058,0.000000,2.193597,0.004719,-0.000738,0.000000
-13.208120,2.941071,2.279785,0.000000,0.000000,0.000073,0.000000,2.279712,0.003569,-0.000762,0.000000
-13.107480,3.046875,2.368720,0.000000,0.000000,0.000091,0.000000,2.368629,-0.000633,-0.000787,0.000000
-13.006830,3.151948,2.460536,0.000000,0.000000,0.000113,0.000000,2.460423,-0.008478,-0.000813,0.000000
-12.906190,3.263272,2.555282,0.000000,0.000000,0.000141,0.000000,2.555142,-0.006642,-0.000838,0.000000
-12.805550,3.369516,2.653034,0.000000,0.000000,0.000174,0.000000,2.652859,0.006629,-0.000865,-0.000000
-12.704910,3.486180,2.753857,0.000000,0.000000,0.000216,0.000000,2.753641,0.009015,-0.000892,-0.000000
-12.604270,3.616044,2.857822,0.000000,0.000000,0.000267,0.000000,2.857555,0.003072,-0.000920,-0.000000
-12.503630,3.719997,2.964996,0.000000,0.000000,0.000329,0.000000,2.964666,0.007686,-0.000948,0.000000
-12.402990,3.826151,3.075448,0.000000,0.000000,0.000406,0.000000,3.075042,0.012403,-0.000977,-0.000000
-12.302350,3.962495,3.189247,0.000000,0.000000,0.000499,0.000000,3.188748,0.007873,-0.001007,0.000000
-12.201710,4.093059,3.306464,0.000000,0.000000,0.000612,0.000000,3.305852,0.001727,-0.001038,-0.000000
-12.101070,4.219053,3.427170,0.000000,0.000000,0.000750,0.000000,3.426420,-0.002959,-0.001069,-0.000000
-12.000420,4.356086,3.551447,0.000000,0.000000,0.000917,0.000000,3.550530,-0.002967,-0.001100,-0.000000
-11.899780,4.486800,3.679343,0.000000,0.000000,0.001120,0.000000,3.678223,0.001419,-0.001133,0.000000
-11.799140,4.597114,3.810944,0.000000,0.000000,0.001365,0.000000,3.809579,0.001308,-0.001166,0.000000
-11.698500,4.751597,3.946322,0.000000,0.000000,0.001661,0.000000,3.944661,-0.000871,-0.001200,-0.000000
-11.597860,4.901871,4.085552,0.000000,0.000000,0.002018,0.000000,4.083534,-0.006348,-0.001235,-0.000000
-11.497220,5.055025,4.228709,0.000000,0.000000,0.002447,0.000000,4.226263,-0.015029,-0.001270,-0.000000
-11.396580,5.180889,4.375871,0.000000,0.000000,0.002962,0.000000,4.372910,-0.014936,-0.001307,-0.000000
-11.295940,5.346793,4.527116,0.000000,0.000000,0.003579,0.000000,4.523537,-0.010696,-0.001344,0.000000
-11.195300,5.509596,4.682525,0.000000,0.000000,0.004317,0.000000,4.678207,-0.011648,-0.001382,-0.000000
-11.094660,5.640070,4.842178,0.000000,0.000000,0.005199,0.000000,4.836980,-0.015326,-0.001422,0.000000
-10.994010,5.803364,5.006179,0.000000,0.000000,0.006249,0.000000,4.999930,-0.011198,-0.001462,0.000000
-10.893370,5.973597,5.174581,0.000000,0.000000,0.007499,0.000000,5.167082,-0.005310,-0.001504,0.000000
-10.792730,6.107451,5.347493,0.000000,0.000000,0.008983,0.000000,5.338510,-0.013555,-0.001547,0.000000
-10.692090,6.297445,5.525009,0.000000,0.000000,0.010742,0.000000,5.514266,-0.024933,-0.001591,-0.000000
-10.591450,6.484219,5.707227,0.000000,0.000000,0.012823,0.000000,5.694404,-0.022181,-0.001637,0.000000
-10.490810,6.659042,5.894254,0.000000,0.000000,0.015281,0.000000,5.878973,-0.007682,-0.001685,-0.000000
-10.390170,6.792246,6.086198,0.000000,0.000000,0.018178,0.000000,6.068020,-0.000116,-0.001734,0.000000
-10.289530,6.988350,6.283178,0.000000,0.000000,0.021587,0.000000,6.261591,-0.008919,-0.001785,0.000000
-10.188890,7.175624,6.485319,0.000000,0.000000,0.025591,0.000000,6.459728,-0.018450,-0.001839,-0.000000
-10.088250,7.357058,6.692753,0.000000,0.000000,0.030284,0.000000,6.662470,-0.020331,-0.001895,0.000000
-9.987610,7.565391,6.905626,0.000000,0.000000,0.035775,0.000000,6.869851,-0.019713,-0.001954,0.000000
-9.886960,7.754375,7.124114,0.000000,0.000000,0.042190,0.000000,7.081924,-0.020291,-0.002016,0.000000
-9.786320,7.936709,7.348341,0.000000,0.000000,0.049667,0.000000,7.298675,-0.016273,-0.002082,0.000000
-9.685680,8.109952,7.578512,0.000000,0.000000,0.058367,0.000000,7.520145,-0.008898,-0.002151,0.000000
-9.585040,8.322836,7.814823,0.000000,0.000000,0.068471,0.000000,7.746352,-0.008930,-0.002224,-0.000000
-9.484400,8.519670,8.057491,0.000000,0.000000,0.080186,0.000000,7.977306,-0.004641,-0.002302,0.000000
-9.383760,8.733184,8.306751,0.000000,0.000000,0.093740,0.000000,8.213011,-0.005477,-0.002385,-0.000000
-9.283120,8.931628,8.562860,0.000000,0.000000,0.109394,0.000000,8.453466,-0.011587,-0.002474,0.000000
-9.182480,9.167651,8.826098,0.000000,0.000000,0.127439,0.000000,8.698659,-0.007941,-0.002569,-0.000000
-9.081840,9.384755,9.096772,0.000000,0.000000,0.148201,0.000000,8.948570,-0.010342,-0.002672,0.000000
-8.981200,9.599099,9.375217,0.000000,0.000000,0.172045,0.000001,9.203171,-0.015786,-0.002781,-0.000000
-8.880550,9.833542,9.661827,0.000000,0.000000,0.199377,0.000001,9.462449,-0.016088,-0.002900,0.000000
-8.779910,10.097106,9.956945,0.000000,0.000000,0.230643,0.000001,9.726301,-0.016897,-0.003028,0.000000
-8.679270,10.326070,10.261034,0.000000,0.000000,0.266343,0.000002,9.994689,-0.022127,-0.003165,0.000000
-8.578630,10.582684,10.574566,0.000000,0.000000,0.307029,0.000002,10.267535,-0.024538,-0.003314,-0.000000
-8.477990,10.829768,10.898055,0.000000,0.000000,0.353306,0.000003,10.544746,-0.023527,-0.003476,-0.000000
-8.377350,11.128331,11.232060,0.000000,0.000000,0.405841,0.000005,10.826214,-0.020913,-0.003650,-0.000000
-8.276710,11.389345,11.577182,0.000000,0.000000,0.465365,0.000006,11.111811,-0.011529,-0.003839,0.000000
-8.176070,11.665139,11.934073,0.000000,0.000000,0.532674,0.000008,11.401390,-0.003872,-0.004044,0.000000
-8.075430,11.979593,12.303431,0.000000,0.000000,0.608636,0.000011,11.694784,0.001616,-0.004265,-0.000000
-7.974790,12.291047,12.686011,0.000000,0.000000,0.694195,0.000015,11.991800,0.006236,-0.004505,-0.000000
-7.874140,12.580190,13.082654,0.000000,0.000000,0.790379,0.000021,12.292255,0.004690,-0.004764,0.000000
-7.773500,12.915724,13.494142,0.000000,0.000000,0.898270,0.000028,12.595844,0.000624,-0.005043,0.000000
-7.672860,13.305118,13.921424,0.000000,0.000000,1.019058,0.000037,12.902329,-0.004233,-0.005345,0.000000
-7.572220,13.634761,14.365465,0.000000,0.000000,1.154009,0.000050,13.211407,-0.010355,-0.005670,-0.000000
-7.471580,14.030075,14.827284,0.000000,0.000000,1.304472,0.000066,13.522746,-0.019025,-0.006020,0.000000
-7.370940,14.438229,15.307951,0.000000,0.000000,1.471883,0.000088,13.835980,-0.023466,-0.006396,-0.000000
-7.270300,14.850503,15.808583,0.000000,0.000000,1.657760,0.000116,14.150706,-0.018129,-0.006799,-0.000000
-7.169660,15.317567,16.330342,0.000000,0.000000,1.863703,0.000153,14.466486,-0.012466,-0.007230,-0.000000
-7.069020,15.785410,16.874433,0.000000,0.000000,2.091390,0.000202,14.782842,-0.008468,-0.007690,-0.000000
-6.968380,16.285194,17.442093,0.000000,0.000000,2.342572,0.000265,15.099256,-0.009028,-0.008180,-0.000000
-6.867740,16.858068,18.034588,0.000000,0.000000,2.619069,0.000348,15.415171,-0.007504,-0.008701,0.000000
-6.767090,17.440681,18.653266,0.000000,0.000000,2.922791,0.000455,15.730020,0.001077,-0.009254,0.000000
-6.666450,18.048615,19.299300,0.000000,0.000000,3.255607,0.000593,16.043099,0.002586,-0.009838,0.000000
-6.565810,18.723109,19.974044,0.000000,0.000000,3.619513,0.000771,16.353761,0.006666,-0.010453,0.000000
-6.465170,19.401983,20.678782,0.000000,0.000000,4.016500,0.001000,16.661282,0.009001,-0.011099,-0.000000
-6.364530,20.179927,21.414770,0.000000,0.000000,4.448572,0.001293,16.964905,-0.003063,-0.011776,0.000000
-6.263890,20.982800,22.183222,0.000000,0.000000,4.917724,0.001667,17.263831,-0.009738,-0.012483,-0.000000
-6.163250,21.876884,22.985297,0.000000,0.000000,5.425923,0.002144,17.557230,-0.002920,-0.013218,-0.000000
-6.062610,22.801278,23.822081,0.000000,0.000000,5.975092,0.002749,17.844241,0.001163,-0.013979,-0.000000
-5.961970,23.811772,24.694569,0.000000,0.000000,6.567079,0.003514,18.123975,-0.007728,-0.014764,-0.000000
-5.861330,24.869435,25.603644,0.000000,0.000000,7.203640,0.004481,18.395524,-0.010954,-0.015571,-0.000000
-5.760680,25.983149,26.550161,0.000000,0.000000,7.886479,0.005696,18.657986,-0.000146,-0.016397,-0.000000
-5.660040,27.135193,27.534543,0.000000,0.000000,8.616947,0.007221,18.910375,0.000784,-0.017236,0.000000
-5.559400,28.333216,28.557328,0.000000,0.000000,9.396421,0.009126,19.151781,-0.014165,-0.018087,0.000000
-5.458760,29.551650,29.618780,0.000000,0.000000,10.226008,0.011499,19.381272,-0.033686,-0.018943,0.000000
-5.358120,30.816514,30.718964,0.000000,0.000000,11.106585,0.014448,19.597932,-0.043768,-0.019800,-0.000000
-5.257480,32.113988,31.857734,0.000000,0.000000,12.038769,0.018097,19.800868,-0.032473,-0.020653,0.000000
-5.156840,33.442972,33.034715,0.000000,0.000000,13.022894,0.022600,19.989220,-0.016355,-0.021496,0.000000
-5.056200,34.760425,34.249296,0.000000,0.000000,14.058987,0.028139,20.162170,-0.012740,-0.022322,-0.000000
-4.955560,36.094659,35.500622,0.000000,0.000000,15.146741,0.034927,20.318954,-0.015618,-0.023125,-0.000000
-4.854920,37.548243,36.787590,0.000000,0.000000,16.285503,0.043221,20.458866,-0.022587,-0.023898,0.000000
-4.754270,38.872566,38.108981,0.000000,0.000000,17.474374,0.053321,20.581286,-0.039150,-0.024635,-0.000000
-4.653630,40.313610,39.462937,0.000000,0.000000,18.711724,0.065577,20.685637,-0.042537,-0.025328,-0.000000
-4.552990,41.737024,40.847754,0.000000,0.000000,19.995890,0.080401,20.771463,-0.027499,-0.025971,0.000000
-4.452350,43.200748,42.261375,0.000000,0.000000,21.324712,0.098272,20.838391,-0.026459,-0.026556,0.000000
-4.351710,44.676922,43.701535,0.000000,0.000000,22.695645,0.119744,20.886146,-0.033931,-0.027077,0.000000
-4.251070,46.183925,45.165784,0.000000,0.000000,24.105774,0.145457,20.914553,-0.029287,-0.027528,0.000000
-4.150430,47.743609,46.651514,0.000000,0.000000,25.551826,0.176146,20.923542,-0.019188,-0.027902,-0.000000
-4.049790,49.307733,48.155986,0.000000,0.000000,27.030187,0.212653,20.913146,-0.023240,-0.028193,-0.000000
-3.949150,50.761797,49.676368,0.000000,0.000000,28.536932,0.255940,20.883495,-0.030175,-0.028397,0.000000
-3.848510,52.288751,51.209769,0.000000,0.000000,30.067851,0.307099,20.834820,-0.026694,-0.028508,0.000000
-3.747870,53.778244,52.753285,0.000000,0.000000,31.618481,0.367367,20.767436,-0.027211,-0.028523,0.000000
-3.647220,55.243508,54.304187,0.000000,0.000000,33.184308,0.438147,20.681732,-0.031302,-0.028437,-0.000000
-3.546580,56.613722,55.859359,0.000000,0.000000,34.760175,0.520993,20.578191,-0.032695,-0.028248,0.000000
-3.445940,57.963445,57.416259,0.000000,0.000000,36.341264,0.617671,20.457324,-0.033126,-0.027953,-0.000000
-3.345300,59.232669,58.972354,0.000000,0.000000,37.922520,0.730142,20.319692,-0.032742,-0.027551,-0.000000
-3.244660,60.533573,60.525315,0.000000,0.000001,39.498847,0.860590,20.165878,-0.016799,-0.027041,0.000000
-3.144020,61.780007,62.073061,0.000000,0.000001,41.065157,1.011434,19.996468,-0.003349,-0.026422,0.000000
-3.043380,63.035921,63.613798,0.000000,0.000001,42.616411,1.185349,19.812036,-0.002146,-0.025696,-0.000000
-2.942740,64.297414,65.146058,0.000000,0.000002,44.147660,1.385278,19.613118,0.005179,-0.024862,0.000000
-2.842100,65.531878,66.668732,0.000000,0.000002,45.654084,1.614451,19.400195,-0.002258,-0.023922,0.000000
-2.741460,66.814362,68.181097,0.000000,0.000003,47.131027,1.876395,19.173672,-0.022663,-0.022878,-0.000000
-2.640810,68.201715,69.682989,0.000000,0.000004,48.574171,2.174980,18.933835,-0.031260,-0.021734,0.000000
-2.540170,69.698159,71.174221,0.000000,0.000006,49.978987,2.514303,18.680925,-0.036094,-0.020492,-0.000000
-2.439530,71.203273,72.655492,0.000000,0.000007,51.341625,2.898874,18.414986,-0.045009,-0.019155,0.000000
-2.338890,72.705557,74.127787,0.000000,0.000010,52.658345,3.333496,18.135937,-0.034732,-0.017729,0.000000
-2.238250,74.327231,75.592519,0.000000,0.000014,53.925680,3.823283,17.843543,-0.010072,-0.016219,-0.000000
-2.137610,76.049444,77.051512,0.000000,0.000019,55.140438,4.373649,17.537407,-0.012589,-0.014629,-0.000000
-2.036970,77.739688,78.506972,0.000000,0.000025,56.299709,4.990268,17.216970,-0.032248,-0.012968,0.000000
-1.936330,79.445122,79.961442,0.000000,0.000034,57.400859,5.679039,16.881510,-0.030096,-0.011242,0.000000
-1.835690,81.201696,81.417749,0.000000,0.000045,58.441524,6.446018,16.530162,-0.020725,-0.009460,-0.000000
-1.735050,82.969740,82.878935,0.000000,0.000060,59.419603,7.297344,16.161928,-0.023973,-0.007633,0.000000
-1.634400,84.802163,84.348310,0.000000,0.000080,60.333331,8.239226,15.775673,-0.019173,-0.005771,0.000000
-1.533760,86.442307,85.828771,0.000000,0.000106,61.180908,9.277441,15.370316,-0.005244,-0.003888,-0.000000
-1.433120,88.177160,87.323551,0.000000,0.000140,61.961030,10.417735,14.944646,-0.003553,-0.001998,0.000000
-1.332480,89.776824,88.835502,0.000000,0.000184,62.672496,11.665280,14.497541,-0.015061,-0.000118,0.000000
-1.231840,91.287518,90.367085,0.000000,0.000242,63.314291,13.024560,14.027991,-0.012662,0.001734,0.000000
-1.131200,92.922522,91.920209,0.000000,0.000318,63.885560,14.499143,13.535189,0.007901,0.003539,-0.000000
-1.030560,94.515126,93.496059,0.000000,0.000415,64.385597,16.091434,13.018612,0.004641,0.005275,0.000000
-0.929920,95.985969,95.094917,0.000000,0.000541,64.813824,17.802430,12.478121,-0.013482,0.006918,-0.000000
-0.829280,97.562863,96.716002,0.000000,0.000703,65.169777,19.631468,11.914054,-0.001369,0.008445,0.000000
-0.728640,99.057617,98.357321,0.000000,0.000911,65.453088,21.576003,11.327319,0.019520,0.009833,0.000000
-0.628000,100.474121,100.015547,0.000000,0.001177,65.663479,23.631410,10.719480,0.011106,0.011056,0.000000
-0.527350,101.997024,101.686111,0.000000,0.001516,65.800756,25.791081,10.092757,0.006085,0.012093,-0.000000
-0.426710,103.513518,103.362518,0.000000,0.001947,65.864758,28.045495,9.450319,0.012729,0.012924,-0.000000
-0.326070,104.994072,105.037391,0.000000,0.002493,65.855429,30.383553,8.795917,0.012753,0.013530,0.000000
-0.225430,106.481026,106.701934,0.000000,0.003182,65.772758,32.791893,8.134102,0.028835,0.013901,-0.000000
-0.124790,108.010559,108.346307,0.000000,0.004051,65.616792,35.255378,7.470087,0.035304,0.014029,0.000000
-0.024150,109.462223,109.959917,0.000000,0.005142,65.387643,37.757511,6.809622,0.014403,0.013913,0.000000
0.076490,110.942637,111.531787,0.000000,0.006507,65.085487,40.280966,6.158828,-0.009731,0.013559,-0.000000
0.177130,112.324261,113.050978,0.000000,0.008210,64.710575,42.808207,5.523985,-0.007923,0.012980,-0.000000
0.277770,113.673365,114.507052,0.000000,0.010330,64.263244,45.322182,4.911297,0.025916,0.012195,0.000000
0.378410,114.999968,115.890542,0.000000,0.012958,63.743924,47.807023,4.326637,0.048535,0.011232,-0.000000
0.479060,116.393572,117.193506,0.000000,0.016208,63.153092,50.248960,3.775245,0.025464,0.010121,0.000000
0.579700,117.671126,118.409399,0.000000,0.020214,62.491532,52.635940,3.261714,-0.000472,0.008898,-0.000000
0.680340,118.913449,119.534130,0.000000,0.025135,61.759991,54.959527,2.789476,0.011981,0.007598,0.000000
0.780980,120.201963,120.565688,0.000000,0.031163,60.959432,57.214201,2.360891,0.009227,0.006259,0.000000
0.881620,121.121537,121.504309,0.000000,0.038523,60.090992,59.397664,1.977129,-0.005941,0.004917,0.000000
0.982260,122.315411,122.352364,0.000000,0.047483,59.156000,61.510703,1.638177,0.006999,0.003603,0.000000
1.082900,123.286865,123.114125,0.000000,0.058354,58.155995,63.556856,1.342920,0.023676,0.002344,-0.000000
1.183540,124.177868,123.795437,0.000000,0.071503,57.092740,65.541919,1.089275,0.026553,0.001161,-0.000000
1.284180,125.145582,124.403314,0.000000,0.087358,55.968239,67.473338,0.874378,0.006923,0.000070,-0.000000
1.384820,125.923896,124.945506,0.000000,0.106415,54.784748,69.359550,0.694793,-0.034438,-0.000919,-0.000000
1.485470,126.558549,125.430119,0.000000,0.129250,53.544658,71.209495,0.546715,-0.069638,-0.001803,0.000000
1.586110,127.060673,125.865033,0.000000,0.156519,52.251002,73.031274,0.426237,-0.072857,-0.002582,-0.000000
1.686750,127.562237,126.257857,0.000000,0.188982,50.906720,74.832714,0.329441,-0.039168,-0.003261,-0.000000
1.787390,127.913361,126.615474,0.000000,0.227503,49.515143,76.620216,0.252612,-0.000309,-0.003847,-0.000000
1.888030,128.135735,126.943911,0.000000,0.273065,48.079872,78.398648,0.192326,0.012336,-0.004349,0.000000
1.988670,128.291968,127.248239,0.000000,0.326778,46.604768,80.171165,0.145528,-0.003014,-0.004776,0.000000
2.089310,128.423402,127.532538,0.000000,0.389893,45.093942,81.939148,0.109555,-0.014122,-0.005140,-0.000000
2.189950,128.375916,127.799916,0.000000,0.463811,43.551734,83.702223,0.082149,0.012183,-0.005448,-0.000000
2.290590,128.305620,128.052568,0.000000,0.550091,41.982698,85.458346,0.061433,0.014892,-0.005710,0.000000
2.391230,128.251014,128.291860,0.000000,0.650462,40.391574,87.203945,0.045879,-0.018490,-0.005934,0.000000
2.491870,128.149197,128.518427,0.000000,0.766831,38.783258,88.934072,0.034267,-0.034488,-0.006126,-0.000000
2.592520,128.084761,128.732293,0.000000,0.901298,37.162615,90.642747,0.025634,-0.055342,-0.006294,-0.000000
2.693160,128.040134,128.932887,0.000000,1.056109,35.535083,92.322458,0.019237,-0.058572,-0.006441,-0.000000
2.793800,127.928978,129.119255,0.000000,1.233734,33.905677,93.965340,0.014505,-0.026634,-0.006572,0.000000
2.894440,127.894162,129.290064,0.000000,1.436813,32.279585,95.562658,0.011008,-0.008718,-0.006692,-0.000000
2.995080,127.873206,129.443684,0.000000,1.668159,30.661978,97.105126,0.008421,-0.015387,-0.006803,-0.000000
3.095720,127.899170,129.578258,0.000000,1.930748,29.057958,98.583047,0.006505,-0.014379,-0.006910,-0.000000
3.196360,128.027303,129.691754,0.000000,2.227697,27.472529,99.986445,0.005082,-0.009436,-0.007014,-0.000000
3.297000,128.234417,129.782014,0.000000,2.562245,25.910548,101.305198,0.004022,-0.003721,-0.007118,-0.000000
3.397640,128.492861,129.846799,0.000000,2.937717,24.376690,102.529162,0.003230,0.016927,-0.007225,0.000000
3.498280,128.648745,129.883834,0.000000,3.357489,22.875410,103.648300,0.002635,0.019205,-0.007336,-0.000000
3.598930,128.904718,129.890844,0.000000,3.824990,21.410761,104.652905,0.002187,0.013873,-0.007454,0.000000
3.699570,129.125542,129.865601,0.000000,4.343460,19.986944,105.533347,0.001850,0.010994,-0.007579,-0.000000
3.800210,129.317236,129.805966,0.000000,4.916169,18.607399,106.280802,0.001596,0.008142,-0.007713,-0.000000
3.900850,129.646360,129.709927,0.000000,5.546168,17.275365,106.886988,0.001405,0.028711,-0.007856,-0.000000
4.001490,129.824903,129.575644,0.000000,6.236266,15.993710,107.344403,0.001265,0.054483,-0.008009,-0.000000
4.102130,129.939727,129.401493,0.000000,6.988949,14.764909,107.646471,0.001164,0.061948,-0.008172,-0.000000
4.202770,130.062551,129.186110,0.000000,7.806305,13.591030,107.787679,0.001096,0.024415,-0.008343,-0.000000
4.303410,130.061865,128.928433,0.000000,8.689943,12.473722,107.763711,0.001056,-0.022373,-0.008522,-0.000000
4.404050,130.080039,128.627742,0.000000,9.640917,11.414206,107.571577,0.001042,-0.018010,-0.008707,-0.000000
4.504690,129.866652,128.283698,0.000000,10.659649,10.413278,107.209718,0.001053,0.006085,-0.008895,-0.000000
4.605340,129.608256,127.896334,0.000001,11.745976,9.471217,106.678052,0.001089,0.022369,-0.009084,-0.000000
4.705980,129.374620,127.466237,0.000004,12.898655,8.588168,105.978267,0.001153,0.023094,-0.009270,-0.000000
4.806620,128.773883,126.994338,0.000018,14.115961,7.763586,105.113561,0.001248,0.006193,-0.009450,-0.000000
4.907260,128.181477,126.482053,0.000066,15.395238,6.996644,104.088856,0.001381,-0.005651,-0.009620,-0.000001
5.007900,127.458651,125.931209,0.000234,16.732987,6.286153,102.910742,0.001560,-0.008375,-0.009779,-0.000003
5.108540,126.548985,125.343917,0.000775,18.124872,5.630589,101.587432,0.001799,-0.002140,-0.009923,-0.000010
5.209180,125.475139,124.722247,0.002414,19.565748,5.028115,100.128684,0.002114,0.024537,-0.010058,-0.000031
5.309820,124.385522,124.067465,0.007053,21.049702,4.476605,98.545682,0.002530,0.029777,-0.010201,-0.000084
5.410460,123.244386,123.378403,0.019329,22.570126,3.973647,96.850883,0.003077,0.005257,-0.010391,-0.000215
5.511100,121.848750,122.648272,0.049700,24.119793,3.516540,95.057840,0.003798,-0.007250,-0.010717,-0.000515
5.611740,120.570014,121.859084,0.119891,25.690961,3.102274,93.180988,0.004752,-0.021242,-0.011345,-0.001151
5.712390,119.154647,120.973025,0.271323,27.275640,2.727483,91.235211,0.006014,-0.019765,-0.012550,-0.002402
5.813030,117.851901,119.921951,0.575802,28.865085,2.388617,89.236370,0.007681,-0.009489,-0.014731,-0.004667
5.913670,116.355495,118.596965,1.145492,30.450868,2.081844,87.199869,0.009876,-0.029826,-0.018371,-0.008429
6.014310,114.852549,116.846917,2.134833,32.024372,1.803478,85.141155,0.012745,-0.044473,-0.023888,-0.014105
6.114950,113.111232,114.494908,3.724240,33.577080,1.550376,83.075240,0.016452,-0.023606,-0.031378,-0.021788
6.215590,110.839066,111.382164,6.076549,35.100685,1.320424,81.016430,0.021174,0.001014,-0.040289,-0.030925
6.316230,107.777150,107.437350,9.267869,36.587198,1.112875,78.978052,0.027095,-0.023124,-0.049221,-0.040111
6.416870,103.610414,102.749946,13.213979,38.029042,0.928273,76.972193,0.034418,-0.075560,-0.056073,-0.047239
6.517510,98.534198,97.609884,17.629953,39.419126,0.767836,75.009454,0.043422,-0.083273,-0.058632,-0.050091
6.618150,93.037011,92.481004,22.055673,40.750901,0.632499,73.098721,0.054556,-0.069118,-0.055388,-0.047148
6.718800,88.000395,87.908465,25.947460,42.018528,0.522031,71.246779,0.068588,-0.076587,-0.046094,-0.038156
6.819440,84.236758,84.400920,28.795808,43.216397,0.434703,69.458864,0.086764,-0.060850,-0.031794,-0.024146
6.920080,82.088232,82.328555,30.227174,44.339891,0.367436,67.737422,0.110980,-0.014848,-0.014390,-0.007013
7.020720,81.731166,81.869908,30.058023,45.384864,0.316402,66.082761,0.143904,0.004980,0.003842,0.010981
7.121360,82.854100,82.993736,28.313455,46.347748,0.277614,64.492828,0.189000,0.006837,0.020580,0.027526
7.222000,85.230634,85.464237,25.222292,47.225515,0.247376,62.963251,0.250387,0.014764,0.033669,0.040476
7.322640,88.498287,88.868589,21.189517,48.015639,0.222587,61.487451,0.332429,0.027212,0.041427,0.048161
7.423280,92.322161,92.679467,16.733478,48.716043,0.200917,60.056853,0.439133,0.034785,0.043090,0.049830
7.523920,96.178115,96.355963,12.384686,49.325050,0.180884,58.661176,0.573540,0.026037,0.039160,0.045992
7.624560,99.681379,99.457364,8.572013,49.841335,0.161791,57.288816,0.737434,0.027954,0.031297,0.038314
7.725210,102.351582,101.724002,5.542161,50.263908,0.143528,55.927169,0.931558,0.032030,0.021715,0.029015
7.825850,104.013016,103.091124,3.346854,50.591911,0.126311,54.563679,1.156077,0.014256,0.012407,0.020090
7.926490,104.710750,103.643537,1.888568,50.824837,0.110421,53.185580,1.411268,0.003597,0.004616,0.012781
8.027130,104.642654,103.540580,0.996499,50.962314,0.096067,51.780981,1.697717,-0.004872,-0.001237,0.007503
8.127770,104.004747,102.950962,0.492011,51.004133,0.083326,50.339251,2.016263,-0.024523,-0.005323,0.004080
8.228410,102.761311,102.014113,0.227439,50.950230,0.072158,48.851482,2.367682,-0.030548,-0.008083,0.002060
8.329050,101.401495,100.827856,0.098470,50.800686,0.062447,47.310861,2.752331,-0.024047,-0.009980,0.000968
8.429690,99.715749,99.452659,0.039936,50.555732,0.054040,45.712942,3.169880,-0.004686,-0.011381,0.000424
8.530330,97.850123,97.922356,0.015173,50.215759,0.046777,44.055803,3.619190,0.007639,-0.012523,0.000173
8.630970,95.901446,96.254843,0.005400,49.781349,0.040504,42.340080,4.098310,-0.011748,-0.013541,0.000066
8.731620,93.898090,94.459844,0.001800,49.253246,0.035085,40.568707,4.604607,-0.033613,-0.014498,0.000023
8.832260,91.706244,92.544582,0.000562,48.632619,0.030400,38.747448,5.134677,-0.033430,-0.015414,0.000008
8.932900,89.589087,90.515321,0.000164,47.920786,0.026345,36.883575,5.684779,-0.017648,-0.016293,0.000002
9.033540,87.305831,88.379248,0.000045,47.119473,0.022832,34.986238,6.250751,-0.004734,-0.017125,0.000001
9.134180,85.137255,86.144687,0.000012,46.230810,0.019785,33.065919,6.828185,0.000335,-0.017901,0.000000
9.234820,82.895369,83.821097,0.000003,45.257383,0.017141,31.134051,7.412525,-0.007597,-0.018609,0.000000
9.335460,80.747823,81.418919,0.000001,44.202287,0.014843,29.202619,7.999169,-0.012525,-0.019240,0.000000
9.436100,78.519006,78.949355,0.000000,43.069162,0.012845,27.283793,8.583554,-0.001745,-0.019786,0.000000
9.536740,76.240880,76.424142,0.000000,41.862227,0.011108,25.389577,9.161229,0.001297,-0.020240,0.000000
9.637380,73.938744,73.855329,0.000000,40.586306,0.009596,23.531504,9.727922,-0.006107,-0.020596,0.000000
9.738020,71.700408,71.255081,0.000000,39.246834,0.008281,21.720374,10.279593,-0.019078,-0.020851,0.000000
9.838670,69.362041,68.635233,0.000000,37.849706,0.007136,19.965863,10.812528,-0.027668,-0.021002,0.000000
9.939310,66.949225,66.008178,0.000000,36.401820,0.006140,18.277052,11.323167,-0.033607,-0.021047,0.000000
10.039950,64.401509,63.385169,0.000000,34.910196,0.005274,16.661253,11.808446,-0.047159,-0.020989,0.000000
10.140590,61.846603,60.777238,0.000000,33.382468,0.004523,15.124646,12.265601,-0.041939,-0.020827,0.000000
10.241230,59.180816,58.194843,0.000000,31.826671,0.003870,13.672061,12.692241,-0.022348,-0.020565,0.000000
10.341870,56.534470,55.647780,0.000000,30.251143,0.003305,12.306984,13.086347,-0.013929,-0.020207,-0.000000
10.442510,53.872144,53.145119,0.000000,28.664422,0.002816,11.031598,13.446283,-0.014884,-0.019758,-0.000000
10.543150,51.206618,50.695150,-0.000000,27.075127,0.002394,9.846843,13.770787,-0.017325,-0.019224,0.000000
10.643790,48.525582,48.305337,0.000000,25.491830,0.002030,8.752507,14.058970,-0.027852,-0.018612,-0.000000
10.744430,45.894215,45.982290,0.000000,23.922933,0.001717,7.747336,14.310304,-0.038175,-0.017929,-0.000000
10.845080,43.409529,43.731525,0.000000,22.376386,0.001448,6.829064,14.524627,-0.021714,-0.017184,0.000000
10.945720,41.032083,41.558343,-0.000000,20.860181,0.001218,5.994901,14.702044,-0.019580,-0.016385,-0.000000
11.046360,38.721916,39.466492,-0.000000,19.381314,0.001022,5.241121,14.843035,-0.037697,-0.015542,0.000000
11.147000,36.573760,37.459078,-0.000000,17.946314,0.000855,4.563567,14.948341,-0.038364,-0.014665,0.000000
11.247640,34.564544,35.538363,0.000000,16.560997,0.000713,3.957689,15.018963,-0.029007,-0.013761,-0.000000
11.348280,32.728758,33.705798,-0.000000,15.230409,0.000593,3.418667,15.056129,-0.008832,-0.012841,0.000000
11.448920,30.982092,31.962061,0.000000,13.958781,0.000492,2.941522,15.061266,0.006599,-0.011912,0.000000
11.549560,29.398015,30.307110,-0.000000,12.749505,0.000407,2.521227,15.035970,0.000510,-0.010985,0.000000
11.650200,27.923299,28.740232,-0.000000,11.605134,0.000336,2.152791,14.981972,-0.014080,-0.010065,0.000000
11.750840,26.594083,27.260110,0.000000,10.527391,0.000276,1.831336,14.901107,-0.024103,-0.009161,0.000000
11.851490,25.365936,25.864751,0.000000,9.517110,0.000227,1.552140,14.795273,-0.023660,-0.008279,0.000000
11.952130,24.204510,24.552097,0.000000,8.574675,0.000186,1.310790,14.666446,-0.016903,-0.007424,0.000000
12.052770,23.134604,23.319267,-0.000000,7.699476,0.000151,1.103051,14.516587,-0.012247,-0.006602,0.000000
12.153410,22.166958,22.163184,-0.000000,6.890386,0.000123,0.925013,14.347663,-0.012321,-0.005815,0.000000
12.254050,21.255321,21.080503,-0.000000,6.145729,0.000100,0.773067,14.161607,-0.018200,-0.005069,0.000000
12.354690,20.401925,20.067673,0.000000,5.463364,0.000081,0.643922,13.960306,-0.022014,-0.004365,-0.000000
12.455330,19.577239,19.120999,0.000000,4.840759,0.000065,0.534593,13.745582,-0.012878,-0.003704,-0.000000
12.555970,18.814413,18.236701,0.000000,4.275071,0.000053,0.442399,13.519178,-0.003281,-0.003088,0.000000
12.656610,18.091697,17.410962,-0.000000,3.763223,0.000042,0.364950,13.282747,-0.003140,-0.002517,0.000000
12.757250,17.426420,16.639979,0.000000,3.301971,0.000034,0.300128,13.037847,-0.001019,-0.001991,-0.000000
12.857890,16.774854,15.920002,-0.000000,2.887975,0.000027,0.246068,12.785931,0.004118,-0.001509,-0.000000
12.958540,16.182578,15.247301,-0.000000,2.517817,0.000022,0.201140,12.528323,0.006036,-0.001070,-0.000000
13.059180,15.608601,14.618467,0.000000,2.188198,0.000017,0.163935,12.266317,0.009851,-0.000672,0.000000
13.159820,15.023725,14.030028,0.000000,1.895763,0.000014,0.133227,12.001025,0.009954,-0.000315,0.000000
13.260460,14.488829,13.478742,-0.000000,1.637289,0.000011,0.107963,11.733480,-0.000172,0.000005,-0.000000
13.361100,13.990563,12.961543,0.000000,1.409672,0.000009,0.087244,11.464617,-0.012583,0.000289,0.000000
13.461740,13.457777,12.475548,-0.000000,1.209959,0.000007,0.070307,11.195275,-0.014768,0.000540,-0.000000
13.562380,12.999020,12.018067,0.000000,1.035356,0.000005,0.056504,10.926202,-0.004880,0.000759,-0.000000
13.663020,12.539954,11.586601,0.000000,0.883247,0.000004,0.045288,10.658062,0.006095,0.000950,0.000000
13.763660,12.080858,11.178843,0.000000,0.751198,0.000003,0.036202,10.391440,0.007055,0.001114,-0.000000
13.864300,11.660042,10.792673,-0.000000,0.636959,0.000003,0.028862,10.126849,-0.003841,0.001255,-0.000000
13.964950,11.216085,10.426119,-0.000000,0.538457,0.000002,0.022950,9.864709,-0.007408,0.001373,-0.000000
14.065590,10.836819,10.077492,-0.000000,0.453830,0.000002,0.018202,9.605458,0.001667,0.001471,-0.000000
14.166230,10.444543,9.745160,0.000000,0.381359,0.000001,0.014400,9.349400,0.002456,0.001552,0.000000
14.266870,10.064797,9.427685,-0.000000,0.319505,0.000001,0.011362,9.096817,-0.003016,0.001617,0.000000
14.367510,9.685100,9.123777,-0.000000,0.266887,0.000001,0.008943,8.847946,0.000262,0.001667,0.000000
14.468150,9.334954,8.832280,-0.000000,0.222273,0.000001,0.007021,8.602986,0.005554,0.001705,0.000000
14.568790,8.959588,8.552165,-0.000000,0.184568,0.000000,0.005498,8.362098,0.009073,0.001732,0.000000
14.669430,8.677612,8.282519,0.000000,0.152807,0.000000,0.004295,8.125417,0.009539,0.001749,0.000000
14.770070,8.356566,8.022531,-0.000000,0.126137,0.000000,0.003347,7.893047,0.001939,0.001758,0.000000
14.870710,8.020349,7.771487,0.000000,0.103816,0.000000,0.002601,7.665070,0.001115,0.001759,0.000000
14.971360,7.709303,7.528734,0.000000,0.085191,0.000000,0.002017,7.441526,0.005839,0.001754,-0.000000
15.072000,7.417877,7.293765,0.000000,0.069703,0.000000,0.001560,7.222502,0.003891,0.001743,-0.000000
15.172640,7.158140,7.066071,0.000000,0.056864,0.000000,0.001204,7.008003,0.002675,0.001728,-0.000000
15.273280,6.898934,6.845224,-0.000000,0.046253,0.000000,0.000926,6.798044,0.002396,0.001709,-0.000000
15.373920,6.602958,6.630850,-0.000000,0.037512,0.000000,0.000711,6.592627,0.003312,0.001687,-0.000000
15.474560,6.367772,6.422623,-0.000000,0.030334,0.000000,0.000545,6.391745,0.002505,0.001662,-0.000000
15.575200,6.092696,6.220254,0.000000,0.024457,0.000000,0.000416,6.195381,-0.001473,0.001635,0.000000
15.675840,5.860519,6.023489,0.000000,0.019661,0.000000,0.000317,6.003511,0.000134,0.001606,-0.000000
15.776480,5.595893,5.832106,-0.000000,0.015759,0.000000,0.000241,5.816106,0.001019,0.001576,0.000000
15.877120,5.368627,5.645907,-0.000000,0.012595,0.000000,0.000183,5.633129,-0.000221,0.001544,-0.000000
15.977760,5.176741,5.464716,-0.000000,0.010037,0.000000,0.000138,5.454541,0.003917,0.001512,-0.000000
16.078410,4.960924,5.288359,0.000000,0.007974,0.000000,0.000104,5.280280,0.004453,0.001479,-0.000000
16.179050,4.733698,5.116729,0.000000,0.006317,0.000000,0.000079,5.110333,-0.004176,0.001446,-0.000000
16.279690,4.549022,4.949679,-0.000000,0.004990,0.000000,0.000059,4.944630,-0.011503,0.001412,-0.000000
16.380330,4.354735,4.787094,0.000000,0.003930,0.000000,0.000044,4.783119,-0.004397,0.001378,0.000000
16.480970,4.145479,4.628863,0.000000,0.003086,0.000000,0.000033,4.625744,0.005009,0.001345,0.000000
16.581610,3.989003,4.474888,0.000000,0.002416,0.000000,0.000025,4.472447,0.000720,0.001311,-0.000000
16.682250,3.807617,4.325073,-0.000000,0.001886,0.000000,0.000018,4.323168,-0.004616,0.001278,0.000000
16.782890,3.634831,4.179329,-0.000000,0.001468,0.000000,0.000014,4.177847,-0.005487,0.001244,-0.000000
16.883530,3.464114,4.037572,-0.000000,0.001140,0.000000,0.000010,4.036423,-0.009821,0.001212,0.000000
16.984170,3.309948,3.899720,0.000000,0.000882,0.000000,0.000007,3.898831,-0.012314,0.001179,-0.000000
17.084820,3.166392,3.765681,0.000000,0.000681,0.000000,0.000005,3.764995,-0.006572,0.001147,0.000000
17.185460,3.013295,3.635405,-0.000000,0.000524,0.000000,0.000004,3.634878,-0.002435,0.001116,-0.000000
17.286100,2.872449,3.508804,0.000000,0.000402,0.000000,0.000003,3.508399,-0.002642,0.001085,-0.000000
17.386740,2.729693,3.385804,-0.000000,0.000307,0.000000,0.000002,3.385495,-0.000736,0.001054,-0.000000
17.487380,2.585517,3.266334,0.000000,0.000234,0.000000,0.000002,3.266098,0.001633,0.001024,0.000000
17.588020,2.481171,3.150322,-0.000000,0.000178,0.000000,0.000001,3.150143,0.002240,0.000994,0.000000
17.688660,2.329774,3.037699,-0.000000,0.000135,0.000000,0.000001,3.037563,-0.003421,0.000965,-0.000000
17.789300,2.203908,2.928395,0.000000,0.000102,0.000000,0.000001,2.928292,-0.007868,0.000937,0.000000
17.889940,2.109162,2.822340,0.000000,0.000077,0.000000,0.000000,2.822262,-0.000679,0.000909,0.000000
17.990580,1.986256,2.719467,-0.000000,0.000058,0.000000,0.000000,2.719408,0.001931,0.000882,0.000000
18.091230,1.858889,2.619697,0.000000,0.000043,0.000000,0.000000,2.619654,-0.004551,0.000855,0.000000
18.191870,1.753283,2.522985,-0.000000,0.000032,0.000000,0.000000,2.522952,-0.005088,0.000829,0.000000
18.292510,1.643417,2.429251,0.000000,0.000024,0.000000,0.000000,2.429227,0.001127,0.000803,0.000000
18.393150,1.561361,2.338431,0.000000,0.000018,0.000000,0.000000,2.338413,0.006892,0.000778,0.000000
18.493790,1.457714,2.250459,0.000000,0.000013,0.000000,0.000000,2.250445,0.003989,0.000754,-0.000000
18.594430,1.361948,2.165268,-0.000000,0.000010,0.000000,0.000000,2.165258,-0.000673,0.000730,0.000000
18.695070,1.288312,2.082795,0.000000,0.000007,0.000000,0.000000,2.082788,0.004111,0.000707,0.000000
18.795710,1.197176,2.002975,-0.000000,0.000005,0.000000,0.000000,2.002970,0.003595,0.000684,-0.000000
18.896350,1.120300,1.925744,0.000000,0.000004,0.000000,0.000000,1.925740,-0.003687,0.000661,0.000000
18.996990,1.031863,1.851040,-0.000000,0.000003,0.000000,0.000000,1.851037,-0.002977,0.000640,0.000000
19.097630,0.956277,1.778800,-0.000000,0.000002,0.000000,0.000000,1.778798,0.000448,0.000619,-0.000000
19.198280,0.888231,1.708955,-0.000000,0.000001,0.000000,0.000000,1.708954,-0.001812,0.000598,-0.000000
19.298920,0.820794,1.641459,-0.000000,0.000001,0.000000,0.000000,1.641458,-0.004789,0.000578,0.000000
19.399560,0.737958,1.576245,-0.000000,0.000001,0.000000,0.000000,1.576244,0.000086,0.000558,0.000000
19.500200,0.673782,1.513252,0.000000,0.000001,0.000000,0.000000,1.513251,0.009638,0.000539,-0.000000
19.600840,0.629936,1.452422,0.000000,0.000000,0.000000,0.000000,1.452422,0.013429,0.000520,-0.000000
19.701480,0.558270,1.393698,0.000000,0.000000,0.000000,0.000000,1.393697,0.009106,0.000502,0.000000
19.802120,0.501703,1.337021,0.000000,0.000000,0.000000,0.000000,1.337021,-0.000318,0.000485,0.000000
19.902760,0.430737,1.282337,0.000000,0.000000,0.000000,0.000000,1.282337,-0.008249,0.000468,0.000000
20.003400,0.383651,1.229589,-0.000000,0.000000,0.000000,0.000000,1.229589,-0.007821,0.000451,-0.000000
20.104040,0.353785,1.178723,-0.000000,0.000000,0.000000,0.000000,1.178723,-0.003959,0.000435,-0.000000
20.204690,0.291718,1.129681,0.000000,0.000000,0.000000,0.000000,1.129681,-0.003678,0.000419,0.000000
20.305330,0.253652,1.082420,0.000000,0.000000,0.000000,0.000000,1.082420,-0.002701,0.000404,-0.000000
20.405970,0.193576,1.036883,-0.000000,0.000000,0.000000,0.000000,1.036883,-0.002226,0.000389,0.000000
20.506610,0.145699,0.993020,0.000000,0.000000,0.000000,0.000000,0.993020,-0.009470,0.000375,0.000000
20.607250,0.100433,0.950780,0.000000,0.000000,0.000000,0.000000,0.950780,-0.009095,0.000361,-0.000000
20.707890,0.061697,0.910115,-0.000000,0.000000,0.000000,0.000000,0.910115,0.002925,0.000347,-0.000000
20.808530,0.030841,0.870977,-0.000000,0.000000,0.000000,0.000000,0.870976,0.004442,0.000334,0.000000
20.909170,-0.012355,0.833318,0.000000,0.000000,0.000000,0.000000,0.833318,0.001484,0.000322,0.000000
21.009810,-0.044242,0.797093,0.000000,0.000000,0.000000,0.000000,0.797093,0.003994,0.000309,-0.000000
21.110450,-0.083538,0.762257,0.000000,0.000000,0.000000,0.000000,0.762257,0.001612,0.000297,0.000000
21.211100,-0.100124,0.728762,-0.000000,0.000000,0.000000,0.000000,0.728762,-0.003045,0.000286,-0.000000
21.311740,-0.129281,0.696572,0.000000,0.000000,0.000000,0.000000,0.696572,-0.002668,0.000275,0.000000
21.412380,-0.169267,0.665642,0.000000,0.000000,0.000000,0.000000,0.665642,-0.000595,0.000264,0.000000
21.513020,-0.185263,0.635930,0.000000,0.000000,0.000000,0.000000,0.635930,-0.002695,0.000254,-0.000000
21.613660,-0.220389,0.607396,0.000000,0.000000,0.000000,0.000000,0.607396,-0.001967,0.000243,-0.000000
21.714300,-0.226295,0.580000,-0.000000,0.000000,0.000000,0.000000,0.580000,0.003550,0.000234,0.000000
21.814940,-0.251252,0.553706,-0.000000,0.000000,0.000000,0.000000,0.553706,-0.000980,0.000224,-0.000000
21.915580,-0.258678,0.528474,-0.000000,0.000000,0.000000,0.000000,0.528474,-0.005638,0.000215,0.000000
22.016220,-0.303774,0.504269,0.000000,0.000000,0.000000,0.000000,0.504269,0.000417,0.000206,0.000000
22.116860,-0.309350,0.481056,0.000000,0.000000,0.000000,0.000000,0.481056,0.003633,0.000198,-0.000000
22.217500,-0.331606,0.458799,-0.000000,0.000000,0.000000,0.000000,0.458799,0.000620,0.000190,-0.000000
22.318150,-0.341483,0.437463,-0.000000,0.000000,0.000000,0.000000,0.437463,0.000888,0.000182,-0.000000
22.418790,-0.360909,0.417019,0.000000,0.000000,0.000000,0.000000,0.417019,0.002941,0.000174,-0.000000
22.519430,-0.371865,0.397434,-0.000000,0.000000,0.000000,0.000000,0.397434,-0.000978,0.000167,-0.000000
22.620070,-0.386692,0.378676,0.000000,0.000000,0.000000,0.000000,0.378676,-0.006124,0.000160,0.000000
22.720710,-0.393318,0.360715,0.000000,0.000000,0.000000,0.000000,0.360715,-0.003472,0.000153,-0.000000
22.821350,-0.410174,0.343523,0.000000,0.000000,0.000000,0.000000,0.343523,0.002818,0.000146,0.000000
22.921990,-0.403960,0.327070,0.000000,0.000000,0.000000,0.000000,0.327070,0.002527,0.000140,-0.000000
23.022630,-0.414126,0.311329,0.000000,0.000000,0.000000,0.000000,0.311329,0.001068,0.000134,-0.000000
23.123270,-0.448623,0.296274,0.000000,0.000000,0.000000,0.000000,0.296274,0.004926,0.000128,0.000000
23.223910,-0.441539,0.281878,0.000000,0.000000,0.000000,0.000000,0.281878,0.010333,0.000123,0.000000
23.324560,-0.427175,0.268114,0.000000,0.000000,0.000000,0.000000,0.268114,0.006238,0.000117,0.000000
23.425200,-0.458762,0.254962,0.000000,0.000000,0.000000,0.000000,0.254962,-0.000872,0.000112,0.000000
23.525840,-0.450258,0.242396,0.000000,0.000000,0.000000,0.000000,0.242396,-0.001013,0.000107,0.000000
23.626480,-0.444694,0.230392,0.000000,0.000000,0.000000,0.000000,0.230392,-0.000841,0.000102,0.000000
23.727120,-0.448230,0.218930,0.000000,0.000000,0.000000,0.000000,0.218930,-0.002608,0.000098,0.000000
23.827760,-0.450746,0.207987,0.000000,0.000000,0.000000,0.000000,0.207987,-0.007888,0.000093,0.000000
23.928400,-0.444243,0.197543,0.000000,0.000000,0.000000,0.000000,0.197543,-0.012158,0.000089,0.000000
24.029040,-0.466569,0.187578,0.000000,0.000000,0.000000,0.000000,0.187578,-0.011606,0.000085,0.000000
24.129680,-0.437165,0.178072,0.000000,0.000000,0.000000,0.000000,0.178072,-0.005832,0.000081,0.000000
24.230320,-0.439781,0.169007,0.000000,0.000000,0.000000,0.000000,0.169007,0.000701,0.000077,0.000000
24.330970,-0.449498,0.160363,0.000000,0.000000,0.000000,0.000000,0.160363,-0.002127,0.000073,0.000000
24.431610,-0.430884,0.152124,0.000000,0.000000,0.000000,0.000000,0.152124,-0.007939,0.000070,0.000000
24.532250,-0.436320,0.144274,0.000000,0.000000,0.000000,0.000000,0.144274,-0.007118,0.000067,0.000000
24.632890,-0.424157,0.136796,0.000000,0.000000,0.000000,0.000000,0.136796,-0.001868,0.000064,0.000000
24.733530,-0.431233,0.129673,0.000000,0.000000,0.000000,0.000000,0.129673,0.002679,0.000061,0.000000
24.834170,-0.425469,0.122892,0.000000,0.000000,0.000000,0.000000,0.122892,0.002009,0.000058,0.000000
24.934810,-0.409845,0.116436,0.000000,0.000000,0.000000,0.000000,0.116436,0.000825,0.000055,0.000000
25.035450,-0.388701,0.110293,0.000000,0.000000,0.000000,0.000000,0.110293,0.003952,0.000052,0.000000
25.136090,-0.390458,0.104449,0.000000,0.000000,0.000000,0.000000,0.104449,0.005220,0.000050,0.000000
25.236730,-0.378804,0.098890,0.000000,0.000000,0.000000,0.000000,0.098890,0.000292,0.000047,0.000000
25.337370,-0.365190,0.093604,0.000000,0.000000,0.000000,0.000000,0.093604,-0.001245,0.000045,0.000000
25.438020,-0.373867,0.088578,0.000000,0.000000,0.000000,0.000000,0.088578,0.006432,0.000043,0.000000
25.538660,-0.380313,0.083803,0.000000,0.000000,0.000000,0.000000,0.083803,0.007551,0.000041,0.000000
25.639300,-0.330009,0.079265,0.000000,0.000000,0.000000,0.000000,0.079265,0.000265,0.000039,0.000000
25.739940,-0.333255,0.074955,0.000000,0.000000,0.000000,0.000000,0.074955,-0.005057,0.000037,0.000000
25.840580,-0.319741,0.070862,0.000000,0.000000,0.000000,0.000000,0.070862,-0.008650,0.000035,0.000000
25.941220,-0.289478,0.066976,0.000000,0.000000,0.000000,0.000000,0.066976,-0.007416,0.000033,0.000000
26.041860,-0.302714,0.063288,0.000000,0.000000,0.000000,0.000000,0.063288,-0.001709,0.000031,0.000000
26.142500,-0.268050,0.059788,0.000000,0.000000,0.000000,0.000000,0.059788,0.005788,0.000030,0.000000
26.243140,-0.266506,0.056468,0.000000,0.000000,0.000000,0.000000,0.056468,0.008549,0.000028,0.000000
26.343780,-0.241092,0.053319,0.000000,0.000000,0.000000,0.000000,0.053319,0.003135,0.000027,0.000000
26.444430,-0.221329,0.050334,0.000000,0.000000,0.000000,0.000000,0.050334,-0.000620,0.000025,0.000000
26.545070,-0.225425,0.047504,0.000000,0.000000,0.000000,0.000000,0.047504,0.000370,0.000024,0.000000
26.645710,-0.182081,0.044822,0.000000,0.000000,0.000000,0.000000,0.044822,0.004612,0.000023,0.000000
26.746350,-0.186878,0.042282,0.000000,0.000000,0.000000,0.000000,0.042282,0.004841,0.000022,0.000000
26.846990,-0.163624,0.039876,0.000000,0.000000,0.000000,0.000000,0.039876,-0.001938,0.000020,0.000000
26.947630,-0.140680,0.037597,0.000000,0.000000,0.000000,0.000000,0.037597,-0.003984,0.000019,0.000000
27.048270,-0.128296,0.035440,0.000000,0.000000,0.000000,0.000000,0.035440,0.000003,0.000018,0.000000
27.148910,-0.134122,0.033399,0.000000,0.000000,0.000000,0.000000,0.033399,0.000100,0.000017,0.000000
27.249550,-0.094789,0.031467,0.000000,0.000000,0.000000,0.000000,0.031467,-0.004505,0.000016,0.000000
27.350190,-0.067905,0.029640,0.000000,0.000000,0.000000,0.000000,0.029640,-0.001277,0.000015,0.000000
27.450840,-0.063231,0.027912,0.000000,0.000000,0.000000,0.000000,0.027912,0.000638,0.000015,0.000000
27.551480,-0.031738,0.026279,0.000000,0.000000,0.000000,0.000000,0.026279,-0.008019,0.000014,0.000000
27.652120,-0.021794,0.024735,0.000000,0.000000,0.000000,0.000000,0.024735,-0.009673,0.000013,0.000000
27.752760,-0.006740,0.023276,0.000000,0.000000,0.000000,0.000000,0.023276,-0.002899,0.000012,0.000000
27.853400,0.024354,0.021898,0.000000,0.000000,0.000000,0.000000,0.021898,0.002445,0.000012,0.000000
27.954040,0.039928,0.020596,0.000000,0.000000,0.000000,0.000000,0.020596,0.002829,0.000011,0.000000
28.054680,0.038511,0.019368,0.000000,0.000000,0.000000,0.000000,0.019368,0.001191,0.000010,0.000000
28.155320,0.073105,0.018207,0.000000,0.000000,0.000000,0.000000,0.018207,-0.000119,0.000010,0.000000
28.255960,0.099639,0.017113,0.000000,0.000000,0.000000,0.000000,0.017113,-0.005779,0.000009,0.000000
28.356600,0.108293,0.016080,0.000000,0.000000,0.000000,0.000000,0.016080,-0.007475,0.000009,0.000000
28.457250,0.160086,0.015106,0.000000,0.000000,0.000000,0.000000,0.015106,0.000696,0.000008,0.000000
28.557890,0.163890,0.014187,0.000000,0.000000,0.000000,0.000000,0.014187,0.002632,0.000008,0.000000
28.658530,0.178314,0.013321,0.000000,0.000000,0.000000,0.000000,0.013321,-0.001144,0.000007,0.000000
28.759170,0.221638,0.012505,0.000000,0.000000,0.000000,0.000000,0.012505,0.002383,0.000007,0.000000
28.859810,0.236161,0.011736,0.000000,0.000000,0.000000,0.000000,0.011736,0.006285,0.000006,0.000000
28.960450,0.258275,0.011011,0.000000,0.000000,0.000000,0.000000,0.011011,0.007444,0.000006,0.000000
29.061090,0.270269,0.010329,0.000000,0.000000,0.000000,0.000000,0.010329,0.008219,0.000006,0.000000
29.161730,0.302683,0.009687,0.000000,0.000000,0.000000,0.000000,0.009687,0.003690,0.000005,0.000000
29.262370,0.311656,0.009082,0.000000,0.000000,0.000000,0.000000,0.009082,-0.004869,0.000005,0.000000
29.363010,0.340150,0.008513,0.000000,0.000000,0.000000,0.000000,0.008513,-0.010277,0.000005,0.000000
29.463650,0.389234,0.007978,0.000000,0.000000,0.000000,0.000000,0.007978,-0.010732,0.000005,0.000000
29.564300,0.403647,0.007474,0.000000,0.000000,0.000000,0.000000,0.007474,-0.003253,0.000004,0.000000
29.664940,0.433191,0.007001,0.000000,0.000000,0.000000,0.000000,0.007001,0.006574,0.000004,0.000000
29.765580,0.446105,0.006556,0.000000,0.000000,0.000000,0.000000,0.006556,0.003689,0.000004,0.000000
29.866220,0.490479,0.006138,0.000000,0.000000,0.000000,0.000000,0.006138,-0.008040,0.000004,0.000000
29.966860,0.511693,0.005745,0.000000,0.000000,0.000000,0.000000,0.005745,-0.012926,0.000003,0.000000
